id,eixo,objetivo,foco_estrategico,acao,responsavel,prazo_categoria,prazo_qualificador,data_limite,indicador,meta,recursos,status,percentual_execucao,data_atualizacao,evidencia,observacoes,campus
SIGS-01,SIGS,,,Criação de comissão responsável pelo desenvolvimento do projeto executivo do SIGS-UFSB,"PROTIC, PROPA, ASSUS",Curtíssimo,,,Portaria publicada no prazo estabelecido,,,Não iniciada,0,,,PDF p.39,Todos
SIGS-02,SIGS,,,Contratação / designação de servidor(a) de TI dedicado(a) ao desenvolvimento do SIGS-UFSB,"Reitoria, PROTIC",Curtíssimo,,,Servidor(a) de TI contratado / designado,,,Não iniciada,0,,,PDF p.39,Todos
SIGS-03,SIGS,,,Realização de diagnóstico detalhado dos procedimentos utilizados para gestão da informação dos temas afetos ao PLS-UFSB,Comissão,Curtíssimo,,,Relatório finalizado no prazo estabelecido,,,Não iniciada,0,,,PDF p.39,Todos
SIGS-04,SIGS,,,Elaboração de projeto executivo do SIGS-UFSB,Comissão,Curtíssimo,,,Documento final apresentado no prazo estabelecido,,,Não iniciada,0,,,PDF p.39,Todos
SIGS-05,SIGS,,,Definição e contratação de ferramenta(s) de tecnologia da informação que irão compor o SIGS-UFSB,Comissão,Curtíssimo,,,Solução implementada no prazo estabelecido,,,Não iniciada,0,,,PDF p.39,Todos
SIGS-06,SIGS,,,almoxarifado9,Administrativo dos Campi,Curtíssimo,,,,,,Não iniciada,0,,,PDF p.40,Todos
SIGS-07,SIGS,,,Desenvolvimento e Implementação do sistema de monitoramento de água e energia,"PROTIC, PROPA, Coord. de Apoio Administrativo dos Campi",Curtíssimo,,,Sistema instalado no prazo estabelecido,,,Não iniciada,0,,,PDF p.40,Todos
SIGS-08,SIGS,,,Desenvolvimento e Implementação do sistema de monitoramento de materiais de consumo utilizados pela empresa contratada para manutenção e limpeza predial,"PROTIC, PROPA",Curto,,,Sistema instalado no prazo estabelecido,,,Não iniciada,0,,,PDF p.40,Todos
SIGS-09,SIGS,,,"Desenvolvimento e Implementação do sistema de monitoramento de ações de ensino, pesquisa e extensão voltadas para Sustentabilidade","PROTIC, ASSUS, PROGEAC, PROPPG, PROEX",Curto,,,Sistema instalado no prazo estabelecido,,,Não iniciada,0,,,PDF p.40,Todos
SIGS-10,SIGS,,,Desenvolvimento e Implementação do sistema de monitoramento de resíduos sólidos (produção própria),"PROTIC, ASSUS",Curto,,,Sistema instalado no prazo estabelecido,,,Não iniciada,0,,,PDF p.40,Todos
SIGS-11,SIGS,,,Desenvolvimento e Implementação do sistema de monitoramento de resíduos sólidos doados pela Comunidade (ECOPONTOS),"PROTIC, ASSUS",Médio,,,Sistema instalado no prazo estabelecido,,,Não iniciada,0,,,PDF p.40,Todos
SIGS-12,SIGS,,,Desenvolvimento e Implementação do sistema de monitoramento de transporte e mobilidade urbana da UFSB,"PROTIC, ASSUS",Médio,,,Sistema instalado no prazo estabelecido,,,Não iniciada,0,,,PDF p.40,Todos
COMP-01,Compras,,,Capacitar os servidores da área de compras e áreas afins acerca da Lei nº 14.133 de 2021,"DIRAD, PROGEPE",Curtíssimo,,,100%,,,Não iniciada,0,,,PDF p.50,Todos
COMP-02,Compras,,,Elaborar manual de compras com as novas diretrizes,CCP,Curtíssimo,,,100%,,,Não iniciada,0,,,PDF p.50,Todos
COMP-03,Compras,,,Disponibilizar modelos referenciais dos documentos integrantes dos processos,CCP,Curtíssimo,,,100%,,,Não iniciada,0,,,PDF p.50,Todos
COMP-04,Compras,,,"Elaborar fluxogramas dos processos de compras, descrevendo as etapas e respectivos prazos,",CCP,Médio,,,100%,,,Não iniciada,0,,,PDF p.50,Todos
COMP-05,Compras,,,"Elaborar fluxogramas dos processos de gestão de patrimônio e almoxarifado, descrevendo as etapas e respectivos prazos, sistemas e setores envolvidos",Setor de Patrimônio e Almoxarifado,Médio,,,100%,,,Não iniciada,0,,,PDF p.51,Todos
COMP-06,Compras,,,Divulgar e disponibilizar os fluxogramas para a comunidade acadêmica,DIRAD,Médio,,,100%,,,Não iniciada,0,,,PDF p.51,Todos
COMP-07,Compras,,,"Criar comissão para estudo, discussão e definição dos critérios de sustentabilidade nas contratações e compras",DIRAD,Curtíssimo,,,Portaria publicada no prazo estabelecido,,,Não iniciada,0,,,PDF p.51,Todos
COMP-08,Compras,,,"Elaborar manual com orientações e checklists a serem utilizados durante a fase preliminar das contratações, com critérios de sustentabilidade conforme Seção VI da IN nº 10 de 2012",Comissão,Curto,,,Documento final apresentado no prazo estabelecido,,,Não iniciada,0,,,PDF p.51,Todos
COMP-09,Compras,,,Divulgar o Manual de Sustentabilidade nas Compras e Contratos e apresentar para a DIRAD,Comissão,Curto,,,Documento divulgado no prazo estabelecido,,,Não iniciada,0,,,PDF p.51,Todos
COMP-10,Compras,,,Adquirir e instalar o Serviço de Almoxarifado Virtual,"PROPA, PROTIC",Curtíssimo,,,Sistema instalado no prazo estabelecido,,,Não iniciada,0,,,PDF p.52,Todos
COMP-11,Compras,,,Promover o Cadastro e adesão ao Sistema Integrado de Administração de Serviços (SIADS),"CCP, Setor de Patrimônio e Almoxarifado",Curtíssimo,,,Dados e usuários da UFSB cadastrados no prazo estabelecido,,,Não iniciada,0,,,PDF p.52,Todos
COMP-12,Compras,,,"Realizar Treinamento dos servidores para uso dos sistemas, com participação de pelo menos 1 (um) r epresentante de cada setor","PROTIC, PROGEPE",Curtíssimo,,,100%,,,Não iniciada,0,,,PDF p.52,Todos
COMP-13,Compras,,,"Criar Grupo de Trabalho para desenvolver solução que permita a integração, de forma sistemática, das informações de patrimônio, almoxarifado e compras","PROTIC, PROPA",Curto,,,Solução implementada no prazo estabelecido,,,Não iniciada,0,,,PDF p.52,Todos
COMP-14,Compras,,,"Capacitar, no mínimo, 1 (um) servidor de cada área demandante acerca das Licitações Sustentáveis","DIRAD, PROGEPE",Curtíssimo,,,100%,,,Não iniciada,0,,,PDF p.53,Todos
COMP-15,Compras,,,"Realizar palestras, voltadas para os gestores e servidores da área de compras, com a temática das c ontratações sustentáveis","DIRAD, PROGEPE",Curto,,,100% dos servidores convidados,,,Não iniciada,0,,,PDF p.53,Todos
COMP-16,Compras,,,Criar comissão para realização da campanha,Reitoria,Curtíssimo,,,Portaria publicada no prazo estabelecido,,,Não iniciada,0,,,PDF p.53,Todos
COMP-17,Compras,,,Elaborar peças virtuais e cartazes visando à conscientização do público interno,Comissão designada,Curtíssimo,,,Peças divulgadas no prazo estabelecido,,,Não iniciada,0,,,PDF p.53,Todos
AGU-01,Águas e Efluentes,,,Medir e acompanhar diariamente o uso de água nas unidades da UFSB,"Coordenação de Manutenção (DINFRA), Coord. de Apoio Administrativo dos Campi",Curtíssimo,contínuo,,Protocolo de medição diária executado. Dados diários gerados.,,,Não iniciada,0,,,PDF p.58,Todos
AGU-02,Águas e Efluentes,,,Instalar sistemas de medição individualizado,"Coordenação de Manutenção (DINFRA), Coord. de Apoio Administrativo dos Campi",Curto a Médio,,,Quantificação do uso mensal de água na unidade universitária (m³ mês-1),,,Não iniciada,0,,,PDF p.58,Todos
AGU-03,Águas e Efluentes,,,Adquirir equipamentos de medição que possuam transferência de dados por telemetria e protocolo de comunicação aberto,"DINFRA, DIRAD e DIRPLAN",Curto a Médio,,,100 % dos equipamentos de medição possuam a tecnologia em até 5 anos.,,,Não iniciada,0,,,PDF p.58,Todos
AGU-04,Águas e Efluentes,,,"Realizar análises periódicas para verificar a potabilidade da água servida conforme a Portaria de Consolidação nº 5, de 28 de setembro de 2017, Capítulo V, Seção 2, Do Controle e da Vigilância da Qualidade da Água para Consumo Humano e seu Padrão de Potabilidade. Detalhes no Apêndice III.1.","Coordenação de Manutenção (DINFRA), Coord. de Apoio Administrativo dos Campi",Curtíssimo,periódico,,Testes periódicos realizados,,,Não iniciada,0,,,PDF p.58,Todos
AGU-05,Águas e Efluentes,,,Calibrar periodicamente os equipamentos de medição conforme orientações contidas no Apêndice III.2.,"Coordenação de Manutenção (DINFRA), Coord. de Apoio Administrativo dos Campi com auxílio das Coordenações dos Laboratórios",Curtíssimo,periódico,,100% dos equipamentos calibrados,,,Não iniciada,0,,,PDF p.59,Todos
AGU-06,Águas e Efluentes,,,Prover a construção de laboratórios para realizar as calibrações dos equipamentos de medição que atenda os critérios estabelecidos pela ISO 17025 (Vide Apêndice III.3 para a descrição de equipamentos).,PROPA com apoio dos Conselhos Gestores dos Campi e Unidades Acadêmicas,Médio a Longo,,,100% das instalações concluídas e operantes,,,Não iniciada,0,,,PDF p.59,Todos
AGU-07,Águas e Efluentes,,,Construir laboratórios para realização das análises para monitoramento da qualidade da água (Vide Apêndice III.4 para a descrição de equipamentos).,PROPA com apoio dos Conselhos Gestores dos Campi e Unidades Acadêmicas,Médio a Longo,,,100% das instalações concluídas e operantes,,,Não iniciada,0,,,PDF p.59,Todos
AGU-08,Águas e Efluentes,,,"Caracterizar a unidades existentes com base nas suas tipologias (prédios administrativos, laboratórios, salas de aula etc.) de uso predominantes.","Coordenação de Manutenção (DINFRA), Coord. de Apoio Administrativo dos Campi",Curtíssimo a Curto,,,100% das unidades caracterizadas,,,Não iniciada,0,,,PDF p.59,Todos
AGU-09,Águas e Efluentes,,,"Desenvolver indicadores ambientais confiáveis para a gestão da água nos campi. Para isto, sugere-se a metodologia de processamento e análise de dados para melhor gestão da água em campus universitário desenvolvida por Brito et al. (2020)","Grupos de Pesquisa com expertise no tema e DINFRA, com apoio Diretoria de Sistemas e Conteúdos Digitais (PROTIC)",Curto,,,Estudos realizados. Indicadores desenvolvidos sendo utilizados.,,,Não iniciada,0,,,PDF p.59,Todos
AGU-10,Águas e Efluentes,,,"Implementar e manter um sistema computacional para auxiliar a gestão do recurso. A ferramenta deve gerar gráficos e disponibilizar os dados para acesso remoto, sugere-se o Aguapura Vianet10",Diretoria de Sistemas e Conteúdos Digitais (PROTIC) com apoio da ASSUS e DINFRA,Curtíssimo,,,Sistema instalado no prazo estabelecido,,,Não iniciada,0,,,PDF p.59,Todos
AGU-11,Águas e Efluentes,,,Cadastrar as informações sobre os sistemas hidrossanitários em banco de dados. Sugere-se utilizar o banco de dados desenvolvido para o CJA por Carvalho et al. (2020) (Vide Apêndice III.5).,"Diretoria de Sistemas e Conteúdos Digitais (PROTIC), Coordenação de Manutenção (DINFRA)",Curtíssimo,permanente,,100% dos sistemas hidrossanitários cadastrados no SIGS-UFSB,,,Não iniciada,0,,,PDF p.60,Todos
AGU-12,Águas e Efluentes,,,Avaliar periodicamente as instalações hidráulicas dos campi e registrar as informações no banco de dados.,"Coordenação de Manutenção (DINFRA), Coord. de Apoio Administrativo dos Campi",Curtíssimo,periódico,,100% das instalações hidráulicas avaliadas e com informações registradas no SIGS-UFSB,,,Não iniciada,0,,,PDF p.60,Todos
AGU-13,Águas e Efluentes,,,Analisar banco de dados periodicamente para verificar situação do sistema hidrossanitário com intuito de propor melhorias.,"Coordenação de Manutenção (DINFRA), Coord. de Apoio Administrativo dos Campi",Curtíssimo,periódico,,Relatórios produzidos com orientações para as equipes de manutenção,,,Não iniciada,0,,,PDF p.60,Todos
AGU-14,Águas e Efluentes,,,Avaliar periodicamente a eficiência da manutenção no que tange a desperdícios e vazamentos de água.,"Coordenação de Manutenção (DINFRA), Coord. de Apoio Administrativo dos Campi",Curtíssimo,periódico,,Relatórios produzidos com orientações para as equipes de manutenção,,,Não iniciada,0,,,PDF p.60,Todos
AGU-15,Águas e Efluentes,,,Priorizar a manutenção preventiva e reduzir o tempo de solução da corretiva.,"Coordenação de Manutenção (DINFRA), Coord. de Apoio Administrativo dos Campi",Curtíssimo,periódico,,Redução de solicitações de ações corretivas. Número de ocorrências de ações de manutenção preventiva,,,Não iniciada,0,,,PDF p.60,Todos
AGU-16,Águas e Efluentes,,,Realizar manutenções periódicas de todos os sistemas de abastecimento de água. As medidas devem garantir a qualidade de água (potável ou não) e minimizar quaisquer tipos de perdas.,"Coordenação de Manutenção (DINFRA), Coord. de Apoio Administrativo dos Campi",Curtíssimo,periódico,,100% dos sistemas de abastecimento de água com registros de manutenções periódicas,,,Não iniciada,0,,,PDF p.61,Todos
AGU-17,Águas e Efluentes,,,Adquirir as ferramentas para detecção de vazamentos não visíveis e manter estoque mínimo de materiais (tubos e conexões) para reduzir o tempo de execução dos serviços de manutenção.,"DINFRA, DIRAD e DIRPLAN",Curtíssimo a Curto,,,Ferramentas adquiridas. Relatórios de controle de estoque,,,Não iniciada,0,,,PDF p.61,Todos
AGU-18,Águas e Efluentes,,,"Dar preferência ao uso de equipamentos hidráulicos mais eficientes. Entretanto, levar em consideração o fator custo x benefício.","DINFRA, DIRAD e DIRPLAN",Curtíssimo,periódico,,Relatórios sobre troca dos equipamentos hidráulicos,,,Não iniciada,0,,,PDF p.61,Todos
AGU-19,Águas e Efluentes,,,Sinalizar os ambientes e instalações com maior demanda de água sobre o uso mais sustentável do recurso.,"Coordenação de Manutenção (DINFRA), Coord. de Apoio Administrativo dos Campi",Curtíssimo,periódico,,Campanhas sobre uso da água em !00% dos ambientes com instalações hidráulicas,,,Não iniciada,0,,,PDF p.61,Todos
AGU-20,Águas e Efluentes,,,"Desenvolver ECOTIMES com servidores(as) com expertise no tema e demais pessoas interessadas. Os ECOTIMES serão nomeados por portaria oficial da instituição e as atividades serão desenvolvidas durante a jornada de trabalho dos participantes, fazendo parte do escopo de trabalho dos membros","ASSUS, CPS, DINFRA, Grupos de Pesquisa",Curto,contínuo,,Publicação de portarias nomeando os ECOTIMEs. Relatórios das atividades dos ECOTIMEs.,,,Não iniciada,0,,,PDF p.61,Todos
AGU-21,Águas e Efluentes,,,Prover capacitações a comunidade acadêmica e corpo técnico da UFSB com objetivo de sensibilizar para o uso sustentável da água,"ASSUS, CPS e PROGEPE",Curto,periódico,,Número de capacitações realizadas. Público alcançado,,,Não iniciada,0,,,PDF p.62,Todos
AGU-22,Águas e Efluentes,,,Prover treinamentos aos colaboradores que atuam na manutenção predial e limpeza da UFSB,ASSUS e CPS,Curto,periódico,,Número de capacitações realizadas. Público alcançado,,,Não iniciada,0,,,PDF p.62,Todos
AGU-23,Águas e Efluentes,,,"Promover campanhas em datas comemorativa, tais como Dia Mundial da Água (Vide Apêndice III.7), com intuito a sensibilização do público para o não desperdício da água (uso mais sustentável).","ASSUS, CPS e ACS",Curtíssimo,,,Número de eventos realizados. Público alcançado,,,Não iniciada,0,,,PDF p.62,Todos
AGU-24,Águas e Efluentes,,,Publicar em meio oficial da instituição das devolutivas das reuniões de Comitês de Bacia Hidrográfica (CBH) da região (Vide Apêndice III.8).,"ASSUS, CPS e ACS",Curto,periódico,,Publicação de atas e/ou de relatos das reuniões dos CBHs que a UFSB tem assento,,,Não iniciada,0,,,PDF p.62,Todos
AGU-25,Águas e Efluentes,,,Realizar comunicação permanente com o público usuário do recurso.,"ASSUS, CPS e ACS",Curto,periódico,,Público alcançado,,,Não iniciada,0,,,PDF p.62,Todos
AGU-26,Águas e Efluentes,,,"Desenvolver uma página no site oficial da universidade para compartilhar informações acerca da gestão do uso de água, bem como, artigos e publicações referentes.","ASSUS, ACS e Diretoria de Sistemas e Conteúdos Digitais (PROTIC)",Curto a Médio,,,Página oficial criada no site da UFSB,,,Não iniciada,0,,,PDF p.62,Todos
AGU-27,Águas e Efluentes,,,Interagir com a comunidade acadêmica e demais membros da sociedade civil por meio das redes sociais com o propósito de sensibilizar para o uso mais sustentável do recurso.,"ASSUS, CPS e ACS",Curto,periódico,,Público alcançado,,,Não iniciada,0,,,PDF p.62,Todos
AGU-28,Águas e Efluentes,,,"Desenvolver um banco de ideias, preferencialmente online, onde sugestões possam ser cadastradas pelos usuários.","ASSUS, ACS e Diretoria de Sistemas e Conteúdos Digitais (PROTIC)",Curto,,,Sistema disponibilizado para a comunidade universitária. Projetos cadastrados,,,Não iniciada,0,,,PDF p.62,Todos
AGU-29,Águas e Efluentes,,,Classificar as ideias oriundas do banco de ideias e,ASSUS e CPS,Curto,,,Relatórios produzidos e,,,Não iniciada,0,,,PDF p.62,Todos
AGU-30,Águas e Efluentes,,,"Promover eventos semestrais com objetivo de proporcionar interação entre a gestão, ECOTIMES e a comunidade acadêmica. Os eventos possibilitarão a apresentação de resultados e metas acerca do uso de água, bem como, exposição de trabalhos acadêmicos desenvolvidos.",ASSUS e CPS,Curto,periódico,,"Eventos realizados (ao menos, 1 por ano)",,,Não iniciada,0,,,PDF p.63,Todos
AGU-31,Águas e Efluentes,,,Nomeação de Comissão para Elaboração do Plano de Gestão de Efluentes gerados em espaços de práticas laboratoriais,"ASSUS, Unidades Acadêmicas e Coordenação de Apoio Administ. dos Campi",Curtíssimo,,,Portaria publicada,,,Não iniciada,0,,,PDF p.63,Todos
AGU-32,Águas e Efluentes,,,Elaboração de Plano de Gestão de Efluentes gerados em espaços de práticas laboratoriais,Comissão nomeada,Curto,,,Plano de Gestão de Efluentes Gerados em Laboratoriais aprovado,,,Não iniciada,0,,,PDF p.63,Todos
AGU-33,Águas e Efluentes,,,Garantir a gestão dos efluentes. Segregar e tratar,"Coordenação de laboratórios,",Curtíssimo,,,100% dos efluentes,,,Não iniciada,0,,,PDF p.63,Todos
AGU-34,Águas e Efluentes,,,Contratação de empresa especializada no recolhimento e tratamento de efluentes gerados em espaços de práticas que precisarão ser descartados,DIRAD e DIRPLAN,Curto,,,Termo de referência assinado com a empresa prestadora de serviço,,,Não iniciada,0,,,PDF p.64,Todos
AGU-35,Águas e Efluentes,,,"Analisar possíveis formas de utilização de sistemas de reuso de água nas edificações e destinar o uso conforme a classificação (água marrons, cinzas e amarelas)",DINFRA,Curto a Médio,,,"Relatórios publicados. Sistemas de tratamento e reuso de água implantados, quando possível",,,Não iniciada,0,,,PDF p.64,Todos
AGU-36,Águas e Efluentes,,,Realizar as análises necessárias para garantir a qualidade do efluente exigidas por lei (Vide Apêndice III.9),DINFRA,Curtíssimo,,,Relatórios produzidos.,,,Não iniciada,0,,,PDF p.64,Todos
AGU-37,Águas e Efluentes,,,Prover a construção de laboratórios para realização das análises da qualidade dos efluentes e viabilizar que os períodos descritos sejam atendidos (Vide Quadro 3 do Apêndice III.9),PROPA com apoio dos Centros de Formação interessados,Médio a Longo,,,100% das instalações concluídas e operantes,,,Não iniciada,0,,,PDF p.64,Todos
AGU-38,Águas e Efluentes,,,"Quando possível, adotar sistema de armazenamento e aproveitamento de água de chuva para fins não potáveis conforme",DINFRA,Curto a Médio,,,Sistemas de armazenamento e aproveitamento de água instalados,,,Não iniciada,0,,,PDF p.64,Todos
AGU-39,Águas e Efluentes,,,"Quando possível, dar preferência a captação de água de poços artesianos, atender regulamentação vigente",DINFRA,Curto a Médio,,,"Poços artesianos instalados nos Campi, quando possível",,,Não iniciada,0,,,PDF p.65,Todos
AGU-40,Águas e Efluentes,,,"Incentivar a priorização do uso de água de chuva e de poços artesianos, quando adequado",DINFRA,Curto a Médio,,,Diretrizes para uso prioritário de fontes alternativas de água publicadas,,,Não iniciada,0,,,PDF p.65,Todos
AGU-41,Águas e Efluentes,,,Realizar manutenções periódicas de todos os sistemas de abastecimento de água. As medidas devem garantir a qualidade de água (potável ou não) e minimizar quaisquer tipos de perdas,"Coordenação de Manutenção (DINFRA), Coord. de Apoio Administrativo dos Campi",Curtíssimo,periódico,,100% dos sistemas de abastecimento de água com registros de manutenções periódicas,,,Não iniciada,0,,,PDF p.65,Todos
AGU-42,Águas e Efluentes,,,"Desenvolver estudo sobre a demanda de água para irrigação das áreas verdes e, com isso, reduzir o consumo de água para o estritamente necessário","DINFRA, Coord. de Apoio Administrativo dos Campi, Unidades Acadêmicas",Curtíssimo,,,Relatórios publicados,,,Não iniciada,0,,,PDF p.65,Todos
AGU-43,Águas e Efluentes,,,Mapear às espécies que compõe o paisagismo da instituição,"Unidades Acadêmicas, Jardim Botânico FLORAS, DINFRA",Curto,,,Relatórios publicados,,,Não iniciada,0,,,PDF p.65,Todos
AGU-44,Águas e Efluentes,,,Dimensionar o volume de água das irrigações e periodicidade de acordo a necessidade das espécies,"Unidades Acadêmicas, Jardim Botânico FLORAS, DINFRA",Curto,,,Relatórios publicados,,,Não iniciada,0,,,PDF p.65,Todos
AGU-45,Águas e Efluentes,,,Dar preferência ao uso de águas provenientes de sistema de reaproveitamentos de água (águas pluviais e de reuso),"DINFRA, Coord. de Apoio Administrativo dos Campi",Curto a Médio,,,Relatórios sobre o uso de água provenientes de fontes alternativas,,,Não iniciada,0,,,PDF p.66,Todos
AGU-46,Águas e Efluentes,,,"Criação de poços ou caixa de armazenagem de água próprias para irrigação, provenientes de água de chuva, juntamente com um sistema de irrigação",DINFRA,Curto a Médio,,,Sistemas instalados e operantes,,,Não iniciada,0,,,PDF p.66,Todos
AGU-47,Águas e Efluentes,,,Evitar o desperdício de água na lavagem dos veículos da UFSB,"DINFRA, DIRAD, Coord. de Apoio Administrativo dos Campi",Curtíssimo,,,"Diretrizes orientando os procedimentos para lavagem da frota de veículos, prevendo o uso racional de água",,,Não iniciada,0,,,PDF p.66,Todos
AGU-48,Águas e Efluentes,,,Reduzir por meio do reaproveitamento ou eliminar o uso de água da lavagem dos veículos,"DINFRA, DIRAD, Coord. de Apoio Administrativo dos Campi",Curtíssimo,,,"Sistemas instalados e operantes ou Termo de referência com a empresa terceirizada. Diretrizes orientando os procedimentos para lavagem da frota de veículos, prevendo o uso racional da água.",,,Não iniciada,0,,,PDF p.66,Todos
AGU-49,Águas e Efluentes,,,"Contratar empresas que reutilizam a água das lavagens dos veículos ou não fazem uso de água e, usam produtos biodegradáveis",DIRAD,Curto,,,Termo de referência assinado com a empresa prestadora de serviço,,,Não iniciada,0,,,PDF p.66,Todos
QV-01,Qualidade de Vida,,,Criar um setor de saúde e qualidade de vida dos servidores da UFSB,,Curto,,,Setor criado,,,Não iniciada,0,,,PDF p.134,Todos
QV-02,Qualidade de Vida,,,Alocar os médicos que estão lotados no SAAS para o setor criado,,Curto,,,Número de servidores lotados no novo setor,,,Não iniciada,0,,,PDF p.134,Todos
QV-03,Qualidade de Vida,,,Remanejar ou contratar servidores para este novo setor,,Curto a Médio,,,Número de servidores remanejados ou contratados,,,Não iniciada,0,,,PDF p.134,Todos
QV-04,Qualidade de Vida,,,Abrir um edital para inscrição dos servidores interessados em,,Curto,,,Edital publicado,,,Não iniciada,0,,,PDF p.134,Todos
QV-05,Qualidade de Vida,,,Divulgar o edital entre os servidores da UFSB,,Curto,,,Notícias e chamadas publicadas no site e redes sociais oficiais da UFSB,,,Não iniciada,0,,,PDF p.135,Todos
QV-06,Qualidade de Vida,,,Realizar um curso de capacitação com conhecimentos sobre Ergonomia - diagnóstico e intervenções,,Curto,,,Curso realizado,,,Não iniciada,0,,,PDF p.135,Todos
QV-07,Qualidade de Vida,,,Criar um cronograma de reuniões quadrimestrais do Comitê de Ergonomia,,Curto,contínuo,,Cronograma definido,,,Não iniciada,0,,,PDF p.135,Todos
QV-08,Qualidade de Vida,,,Realizar reuniões seguindo o cronograma definido pelo Comitê de Ergonomia.,,Curto,contínuo,,Número de reuniões realizadas/ano,,,Não iniciada,0,,,PDF p.135,Todos
QV-09,Qualidade de Vida,,,Realizar uma análise ergonômica por meio da observação dos postos de trabalho,,Curto,contínuo,,Pesquisa realizada,,,Não iniciada,0,,,PDF p.135,Todos
QV-10,Qualidade de Vida,,,"Realizar avaliação da percepção dos servidores quanto as condições de saúde, trabalho e qualidade de vida",,Curto,contínuo,,"Avaliação realizada e Publicação das informações, quando pertinentes nos canais institucionais",,,Não iniciada,0,,,PDF p.135,Todos
QV-11,Qualidade de Vida,,,Identificar as necessidades de melhorias ergonômicas,,Curto,contínuo,,Diagnóstico realizado,,,Não iniciada,0,,,PDF p.136,Todos
QV-12,Qualidade de Vida,,,Identificar os possíveis programas de qualidade de vida a serem implementados na UFSB,,Curto,contínuo,,Diagnóstico realizado,,,Não iniciada,0,,,PDF p.136,Todos
QV-13,Qualidade de Vida,,,Definir um cronograma de prioridades para implementação das melhorias ergonômicas e programas de qualidade de vida,,Curto,contínuo,,Implementação das melhorias ergonômicas e dos programas de QVT,,,Não iniciada,0,,,PDF p.136,Todos
QV-14,Qualidade de Vida,,,Identificar interesses dos servidores em programas de atividades de práticas corporais e atividade física por meio de formulários,,Curtíssimo,contínuo,,Diagnóstico realizado,,,Não iniciada,0,,,PDF p.136,Todos
QV-15,Qualidade de Vida,,,"A partir dos interesses, criar programas de atividades de práticas corporais e atividade física, como exemplo Yoga",,Curtíssimo,contínuo,,Número de programas criados e adesão do público,,,Não iniciada,0,,,PDF p.136,Todos
QV-16,Qualidade de Vida,,,Divulgar os programas de atividades de práticas corporais e atividade física já existentes na universidade.,,Curtíssimo,contínuo,,Notícias e chamadas publicadas no site e redes sociais oficiais da UFSB,,,Não iniciada,0,,,PDF p.136,Todos
QV-17,Qualidade de Vida,,,"Realizar ações educativas por meio de palestras, cartilhas, vídeos e outras ferramentas com informações sobre o tabagismo e seus impactos na saúde.",,Curto,permanente,,"Número de palestras realizadas, cartilhas e vídeos produzidos",,,Não iniciada,0,,,PDF p.137,Todos
QV-18,Qualidade de Vida,,,"Realizar ações educativas por meio de palestras, cartilhas, vídeos e outras ferramentas com informações sobre o álcool e outras drogas e seus impactos na saúde",,Curto,permanente,,"Número de palestras realizadas, cartilhas e vídeos produzidos",,,Não iniciada,0,,,PDF p.137,Todos
QV-19,Qualidade de Vida,,,Identificar interesse pelos servidores sobre temas na área de alimentação e nutrição,,Curto,permanente,,Diagnóstico realizado,,,Não iniciada,0,,,PDF p.137,Todos
QV-20,Qualidade de Vida,,,"Realizar ações educativas por meio de palestras, cartilhas, vídeos e outras ferramentas sobre os temas escolhidos.",,Curto,permanente,,"Número de palestras realizadas, cartilhas e vídeos produzidos",,,Não iniciada,0,,,PDF p.137,Todos
QV-21,Qualidade de Vida,,,Promover treinamentos e oficinas sobre comunicação e mediação de conflitos. Uma sugestão é a ferramenta de Comunicação não violenta (CNV),,Curto,permanente,,Treinamentos realizados,,,Não iniciada,0,,,PDF p.138,Todos
QV-22,Qualidade de Vida,,,Divulgar informações via e-mail ou site institucional sobre comunicação e mediação de conflitos,,Curtíssimo,permanente,,Público alcançado,,,Não iniciada,0,,,PDF p.138,Todos
QV-23,Qualidade de Vida,,,Contratar especialista em estudos de personalidade,,Curto a Médio,,,Número de servidores remanejados ou contratados,,,Não iniciada,0,,,PDF p.138,Todos
QV-24,Qualidade de Vida,,,"Realizar estudos de personalidade, destacando o potencial do trabalho colaborativo em equipes heterogêneas",,Curto,permanente,,Diagnóstico realizado,,,Não iniciada,0,,,PDF p.138,Todos
QV-25,Qualidade de Vida,,,"Fortalecer os debates sobre diversidade étnico-racial, sexual e de gênero",,Curto a Médio,permanente,,Público alcançado,,,Não iniciada,0,,,PDF p.138,Todos
QV-26,Qualidade de Vida,,,Realizar treinamentos focados no desenvolvimento das,,Curto,,,Público alcançado,,,Não iniciada,0,,,PDF p.138,Todos
QV-27,Qualidade de Vida,,,Elaborar um documento orientador com informações sobre direitos e possibilidades de preparação para a aposentadoria,,Curto,,,Documento publicado,,,Não iniciada,0,,,PDF p.139,Todos
QV-28,Qualidade de Vida,,,Reuniões com ações de orientação e preparatórias para nova etapa,,Curto,,,Público alcançado,,,Não iniciada,0,,,PDF p.139,Todos
AGRO-01,Agroecologia,,,"Em pelo menos um dos eixos da formação geral, inserir a apresentação de princípios da Agroecologia.",,Curto,,,Ementa de um CC da Formação Geral que contemple as reflexões sobre Agroecologia nos PPCs dos cursos de graduação,,,Não iniciada,0,,,PDF p.144,Todos
AGRO-02,Agroecologia,,,"Tornar obrigatório um CC de Introdução à Agroecologia na formação de graduação nas áreas de Ciências Ambientais, Ciências Agrárias e Ciências Humanas e Sociais.",,Curto,,,"Ementa de um CC de Introdução à Agroecologia na matriz curricular de PPCs dos cursos de graduação nas áreas de Ciências Ambientais, Ciências Agrárias e Ciências Humanas e Sociais",,,Não iniciada,0,,,PDF p.144,Todos
AGRO-03,Agroecologia,,,Tornar obrigatório um CC de Introdução à Agroecologia na formação das Licenciaturas Interdisciplinares em Ciências da Natureza e suas Tecnologias e Licenciaturas Interdisciplinares em Ciências Humanas e Sociais e suas Tecnologias,,Curto,,,Ementa de um CC de Introdução à Agroecologia na matriz curricular de PPCs das LIs em Ciências da Natureza e suas Tecnologias e Ciências Humanas e Sociais e suas,,,Não iniciada,0,,,PDF p.144,Todos
AGRO-04,Agroecologia,,,"Inserir três CCs optativos de Agroecologia nos Programas de Pós-graduação Stricto Sensu nas áreas de Ciências Ambientais, Ciências Agrárias, Ciências Humanas e Sociais e Educação, como uma forma de incentivar a pesquisa com este tema na UFSB.",,Curto,,,"Ementas de três CCs optativos de Agroecologia, na matriz curricular de Programas de Pós-graduação Stricto Sensu nas áreas de Ciências Ambientais, Ciências Agrárias, Ciências Humanas e Sociais e Educação",,,Não iniciada,0,,,PDF p.145,Todos
AGRO-05,Agroecologia,,,Fortalecer a oferta e criação de Pós-graduação Lato Sensu com a temática Agroecológica,,Curto a Médio,,,Incentivos aos cursos existentes (editais de apoio à pós-graduação Lato Sensu). Aprovação e implantação de quatro propostas de Especialização e ou Residência com a temática Agroecológica.,,,Não iniciada,0,,,PDF p.145,Todos
AGRO-06,Agroecologia,,,Promover e/ou apoiar eventos técnicos e científicos com o tema Agroecologia,,Curto,permanente,,"Realização de, ao menos, um evento técnico e científicos com o tema Agroecologia por ano.",,,Não iniciada,0,,,PDF p.145,Todos
AGRO-07,Agroecologia,,,Promover dois editais internos com apoio financeiro e de bolsas voltados à promoção da Agroecologia em Programas da PROAF e/ou PROEX,,Curto a Médio,permanente,,Publicação dos editais internos voltados à promoção da Agroecologia pela PROAF e/ou PROEX. Público Alcançado.,,,Não iniciada,0,,,PDF p.145,Todos
AGRO-08,Agroecologia,,,"Realizar capacitação para 100% dos gestores dos setores administrativos sobre Agroecologia, Saúde e Segurança Alimentar e Nutricional",,Curto,permanente,,Percentual de gestores dos setores administrativos capacitados,,,Não iniciada,0,,,PDF p.146,Todos
AGRO-09,Agroecologia,,,"Realizar capacitação para servidoras(es), colaboradoras(es) e discentes da UFSB sobre Agroecologia, Saúde e Segurança Alimentar e Nutricional",,Curto,permanente,,Público alcançado pelas capacitações,,,Não iniciada,0,,,PDF p.146,Todos
AGRO-10,Agroecologia,,,"Ofertar capacitações para a sociedade sul-baiana sobre Agroecologia, Saúde e Segurança Alimentar e Nutricional",,Curto,permanente,,Público alcançado pelas capacitações,,,Não iniciada,0,,,PDF p.146,Todos
AGRO-11,Agroecologia,,,Instalar e manter uma horta agroecológica com gestão coletiva da comunidade universitária em cada campus,,Curto a Médio,permanente,,Hortas instaladas e mantidas. Público alcançado,,,Não iniciada,0,,,PDF p.146,Todos
AGRO-12,Agroecologia,,,Promover a instalação das hortas comunitárias e associação a cozinha/áreas comunitárias para estímulo ao consumo dos itens produzidos nas hortas.,,Curto a Médio,permanente,,Áreas/cozinhas comunitárias construídas e operantes. Público alcançado,,,Não iniciada,0,,,PDF p.147,Todos
AGRO-13,Agroecologia,,,"Incluir cláusulas nos contratos de cessão de espaços da UFSB e de aquisição de alimentos que tenham a exigência de fornecimento de 100% dos alimentos não industrializados provenientes da agricultura familiar, preferencialmente de base agroecológica.",,Médio,,,"Percentual de contratos novos com cláusulas indicativas de fornecimento 100% dos alimentos não industrializados, oriundos da agricultura familiar, especialmente de base agroecológica",,,Não iniciada,0,,,PDF p.147,Todos
AGRO-14,Agroecologia,,,"Incluir cláusulas nos contratos de cessão de espaços da UFSB que estimulem a participação de coletivos e cooperativas que estejam estruturadas no fornecimento de alimentos provenientes da agricultura familiar, preferencialmente de base agroecológica",,Médio,,,"Percentual de contratos novos com cláusulas indicativas do estímulo aos coletivos e cooperativas com expertise com alimentos oriundos da agricultura familiar, preferencialmente de base agroecológica",,,Não iniciada,0,,,PDF p.147,Todos
AGRO-15,Agroecologia,,,"Oferecer 100% dos alimentos não industrializados em todos os refeitórios dos três campi da UFSB, provenientes da agricultura familiar, preferencialmente de base agroecológica",,Médio,,,"Contratos assinados com fornecedores que tenham expertise com alimentos provenientes da agricultura familiar, preferencialmente de base agroecológica",,,Não iniciada,0,,,PDF p.147,Todos
AGRO-16,Agroecologia,,,"Anualmente, promover Feiras Agroecológicas nos três campi ou em espaços mais acessíveis ao público",,Curto,,,Edições das Feiras promovidas. Público alcançado,,,Não iniciada,0,,,PDF p.148,Todos
AGRO-17,Agroecologia,,,Fomentar o estabelecimento de acordos de cooperação técnica/parcerias com grupos de pesquisa externos à UFSB e/ou instituições e organizações da sociedade civil que atuam no território com o tema da Agroecologia,,Curto a Médio,permanente,,Acordos de Cooperação Técnica firmados. Projetos desenvolvidos em parcerias e/ou em rede.,,,Não iniciada,0,,,PDF p.148,Todos
AGRO-18,Agroecologia,,,"Criar um fórum permanente de trocas de experiências e fomento de parcerias entre grupos de ensino, pesquisa e extensão interno.",,Curto,,,"Público alcançado. Fluxos de informações, organizados em relatórios e projetos de ensino pesquisa e extensão intercampi",,,Não iniciada,0,,,PDF p.148,Todos
AGRO-19,Agroecologia,,,Criar e divulgar vinhetas curtas no portal eletrônico da UFSB familiarizando a comunidade acadêmica com diversos tópicos associados à Agroecologia presentes no dia a dia da Universidade,,Curto,,,Vinhetas publicadas no portal eletrônico da UFSB. Público alcançado. Público alcançado,,,Não iniciada,0,,,PDF p.148,Todos
AGRO-20,Agroecologia,,,Promover a divulgação de conteúdos sobre Agroecologia,,Curto,,,Cards e notícias sobre,,,Não iniciada,0,,,PDF p.148,Todos
AGRO-21,Agroecologia,,,"Promoção dos aspectos da Agroecologia para uma alimentação saudável na UFSB a partir de apresentações em eventos institucionais, como Semana de Acolhimento de Estudantes e Seminário em Rede da UFSB.",,Curto,,,"Vídeos, notícias e demais intervenções sobre Agroecologia apresentadas nos eventos institucionais. Público alcançado",,,Não iniciada,0,,,PDF p.149,Todos
AGRO-22,Agroecologia,,,Exibição de filmes ficcionais e documentários sobre Agricultura Familiar e Agroecologia pelos cineclubes da UFSB,,Curto,,,Filmes exibidos nos Cineclubes da UFSB. Público alcançado,,,Não iniciada,0,,,PDF p.149,Todos
AGRO-23,Agroecologia,,,Promover campanhas e eventos em datas comemorativas relacionadas à Agroecologia19,,Curto,,,Campanhas realizadas e público alcançado,,,Não iniciada,0,,,PDF p.149,Todos
ARQ-01,Arquitetura Sustentável,,,"Construir um barema com base nas diretrizes elencadas neste documento, normas, processos de certificação e outros",,Médio a Longo,,,Barema construído. Sistema de pontuação definido,,,Não iniciada,0,,,PDF p.157,Todos
ARQ-02,Arquitetura Sustentável,,,Utilizar o barema para medir a qualidade e desempenho ambiental dos projetos de reforma,,Médio a Longo,,,Barema sendo utilizado,,,Não iniciada,0,,,PDF p.157,Todos
ARQ-03,Arquitetura Sustentável,,,"Aumentar a cobertura vegetal do entorno imediato às edificações, priorizando espécies nativas",,Médio a Longo,,,Porcentagem de área verde em relação à área total do terreno. Número de mudas plantadas (arbóreas e arbustivas),,,Não iniciada,0,,,PDF p.157,Todos
ARQ-04,Arquitetura Sustentável,,,Realização de inventário das espécies botânicas encontradas no terreno,,Médio a Longo,,,Inventário realizado,,,Não iniciada,0,,,PDF p.158,Todos
ARQ-05,Arquitetura Sustentável,,,Incentivar o uso de meios de deslocamentos mais limpos a partir da instalação e manutenção de bicicletários nos campi,,Médio a Longo,,,Bicicletários instalados. Público alcançado,,,Não iniciada,0,,,PDF p.158,Todos
ARQ-06,Arquitetura Sustentável,,,Negociar com os órgãos competentes a implantação ou ampliação de linhas de transporte coletivo para os campi e Colégios Universitários,,Curto a Médio,,,Linhas de transporte público em operação. Público alcançado,,,Não iniciada,0,,,PDF p.158,Todos
ARQ-07,Arquitetura Sustentável,,,Criar campanhas de estímulo ao uso de transporte coletivo e caronas,,Curto,permanente,,Peças publicados nas redes oficiais da UFSB,,,Não iniciada,0,,,PDF p.158,Todos
ARQ-08,Arquitetura Sustentável,,,Construir abrigos para o embarque e desembarque do transporte coletivo e/ou pontos da carona solidária nas áreas de cessão da UFSB,,Médio a Longo,,,Número de abrigos construídos. Público alcançado,,,Não iniciada,0,,,PDF p.158,Todos
ARQ-09,Arquitetura Sustentável,,,Reduzir o consumo de água potável a partir da instalação de,,Curto a Médio,,,Número de equipamentos,,,Não iniciada,0,,,PDF p.158,Todos
ARQ-10,Arquitetura Sustentável,,,Reduzir o consumo de água potável a partir da captação e reutilizar a água da chuva,,Médio a Longo,,,Volume de água de chuva recuperado e utilizado. Proporção entre água de chuva e água potável utilizadas,,,Não iniciada,0,,,PDF p.159,Todos
ARQ-11,Arquitetura Sustentável,,,Reduzir o consumo de água potável a partir do controle mediado por um sistema de gestão ambiental22,,Curto a Médio,,,Sistema operante.,,,Não iniciada,0,,,PDF p.159,Todos
ARQ-12,Arquitetura Sustentável,,,Realizar diagnósticos sobre a viabilidade e projetar soluções para instalação de sistema de tratamento ecológico de resíduos sanitários nas edificações existentes,,Curto a Médio,,,Diagnóstico realizado,,,Não iniciada,0,,,PDF p.159,Todos
ARQ-13,Arquitetura Sustentável,,,Classificar as edificações existentes de acordo com o barema proposto sobre o tema da eficiência energética,,Médio a Longo,,,Diagnóstico realizado,,,Não iniciada,0,,,PDF p.159,Todos
ARQ-14,Arquitetura Sustentável,,,"Projetar e executar, quando necessário, intervenções que adequem os níveis de eficiência energética aos indicadores",,Médio a Longo,,,Obras executadas,,,Não iniciada,0,,,PDF p.159,Todos
ARQ-15,Arquitetura Sustentável,,,Elaborar projeto de retrofit23 das edificações com pontuação inferior ao recomendado no barema,,Médio a Longo,,,Projetos elaborados,,,Não iniciada,0,,,PDF p.159,Todos
ARQ-16,Arquitetura Sustentável,,,Executar obras de retrofit,,Médio a Longo,,,Obras executadas,,,Não iniciada,0,,,PDF p.160,Todos
ARQ-17,Arquitetura Sustentável,,,"Buscar utilizar materiais observando as seguintes condicionantes: descartar materiais proibidos; observar a energia incorporada na fabricação; se é reciclável, reaproveitável, renovável; qual a geração e gestão de resíduos quanto à sua aplicação em obra; se apresenta bom nível de conforto lumínico, conforto térmico, certificação e rotulagem; qual o nível de emissões de CO na fabricação; transporte. 2",,Curto a Médio,,,Uso de produtos de baixo impacto ambiental.,,,Não iniciada,0,,,PDF p.160,Todos
ARQ-18,Arquitetura Sustentável,,,Pesquisar informações dos fabricantes para identificar produtos de baixo impacto ambiental.,,Curto a Médio,,,Uso de produtos de baixo impacto ambiental.,,,Não iniciada,0,,,PDF p.160,Todos
ARQ-19,Arquitetura Sustentável,,,Construir um barema com base nas diretrizes elencadas neste,,Médio a Longo,,,Barema construído.,,,Não iniciada,0,,,PDF p.160,Todos
ARQ-20,Arquitetura Sustentável,,,Utilizar o barema para medir a qualidade e desempenho ambiental das novas edificações,,Médio a Longo,,,Barema sendo utilizado,,,Não iniciada,0,,,PDF p.161,Todos
ARQ-21,Arquitetura Sustentável,,,"Manter vegetação em ao menos 20% da área do terreno, priorizando espécies nativas nos projetos paisagísticos",,Médio a Longo,,,Porcentagem de área verde em relação à área total do terreno. Número de mudas plantadas (arbóreas e arbustivas),,,Não iniciada,0,,,PDF p.161,Todos
ARQ-22,Arquitetura Sustentável,,,Realização de inventário das espécies botânicas encontradas no terreno,,Médio a Longo,,,Inventário realizado,,,Não iniciada,0,,,PDF p.161,Todos
ARQ-23,Arquitetura Sustentável,,,Incentivar o uso de meios de deslocamentos mais limpos a partir da instalação e manutenção de bicicletários nos campi,,Médio a Longo,,,Bicicletários instalados. Público alcançado,,,Não iniciada,0,,,PDF p.161,Todos
ARQ-24,Arquitetura Sustentável,,,Negociar com os órgãos competentes a implantação de linhas de transporte coletivo para as áreas com novas edificações,,Curto a Médio,,,Número de linhas de transporte público em operação. Público alcançado,,,Não iniciada,0,,,PDF p.162,Todos
ARQ-25,Arquitetura Sustentável,,,Construir abrigos para o embarque e desembarque do transporte coletivo e/ou pontos da carona solidária nas áreas de cessão da UFSB,,Médio a Longo,,,Número de abrigos construídos. Público alcançado,,,Não iniciada,0,,,PDF p.162,Todos
ARQ-26,Arquitetura Sustentável,,,Reduzir o consumo de água potável a partir da instalação de equipamentos de alto desempenho nos sanitários,,Curto a Médio,,,Número de equipamentos eficientes instalados. Controle das taxas mensais de consumo de água,,,Não iniciada,0,,,PDF p.162,Todos
ARQ-27,Arquitetura Sustentável,,,Reduzir o consumo de água potável a partir da captação e reutilizar a água da chuva,,Médio a Longo,,,Volume de água de chuva recuperado e utilizado. Proporção entre água de chuva e água potável utilizadas,,,Não iniciada,0,,,PDF p.162,Todos
ARQ-28,Arquitetura Sustentável,,,Reduzir o consumo de água potável a partir do controle mediado por um sistema de gestão ambiental26,,Curto a Médio,,,Sistema operante.,,,Não iniciada,0,,,PDF p.162,Todos
ARQ-29,Arquitetura Sustentável,,,Inserir sistema de tratamento ecológico de resíduos sanitários para as novas edificações,,Curto a Médio,,,Projetos desenvolvidos. Sistemas de tratamento,,,Não iniciada,0,,,PDF p.162,Todos
ARQ-30,Arquitetura Sustentável,,,Utilizar barema com indicadores para as boas práticas sobre eficiência energética apresentadas neste documento,,Curto a Médio,,,Sistema de pontuação definido. Barema sendo utilizado,,,Não iniciada,0,,,PDF p.163,Todos
ARQ-31,Arquitetura Sustentável,,,Projetar as novas edificações de modo a atender a pontuação recomendada para eficiência energética.,,Curto a Médio,,,Projetos de novas edificações com pontuação adequada sobre eficiência energética,,,Não iniciada,0,,,PDF p.163,Todos
ARQ-32,Arquitetura Sustentável,,,"Empregar fontes alternativas de energia nos projetos de novas edificações, no que tange a sua geração, e de maior eficiência, no que tange o consumo",,Médio a Longo,,,Projetos executados. Quantidade de energia gerada e consumida a partir de fontes alternativas,,,Não iniciada,0,,,PDF p.163,Todos
ARQ-33,Arquitetura Sustentável,,,"Buscar utilizar materiais observando as seguintes condicionantes: descartar materiais proibidos; observar a energia incorporada na fabricação; se é reciclável, reaproveitável, renovável; qual a geração e gestão de resíduos quanto à sua aplicação em obra; se apresenta bom nível de conforto lumínico, conforto térmico, certificação e rotulagem; qual o nível de emissões de CO na fabricação; transporte. 2",,Curto a Médio,,,Uso de produtos de baixo impacto ambiental.,,,Não iniciada,0,,,PDF p.163,Todos
ARQ-34,Arquitetura Sustentável,,,Pesquisar informações dos fabricantes para identificar produtos de baixo impacto ambiental.,,Curto a Médio,,,Uso de produtos de baixo impacto ambiental.,,,Não iniciada,0,,,PDF p.164,Todos
BIO-01,Biodiversidade,,,Estimular servidores docentes e técnicos-administrativos a realizarem atividades práticas com os estudantes que contribuam para o conhecimento e a valorização da biodiversidade dos campi,,Curtíssimo,permanente,,Ações realizadas e público alcançado.,,,Não iniciada,0,,,PDF p.179,Todos
BIO-02,Biodiversidade,,,"Promover campanhas de educação relacionadas à importância da conservação da biodiversidade, em especial para as espécies da fauna e flora presentes nos campi, tais como campanhas contra a manutenção de espécies da fauna em cativeiro, campanha que esclareça sobre o perigo da introdução de espécies exóticas em ambientes naturais, dentre outras",,Curto,permanente,,Ações realizadas e público alcançado.,,,Não iniciada,0,,,PDF p.179,Todos
BIO-03,Biodiversidade,,,"Organizar ações intercampi em datas comemorativas a saber: semana do meio ambiente, dia da árvore, dia da Mata Atlântica, entre outras",,Curto,permanente,,Ações realizadas e público alcançado.,,,Não iniciada,0,,,PDF p.180,Todos
BIO-04,Biodiversidade,,,Incluir cláusulas nos contratos e processos de licitação sobre infraestrutura da UFSB que estimulem as prestadoras de serviço a atender diretrizes sobre o cuidado à biodiversidade local,,Curto,,,Percentual de contratos novos com cláusulas indicativas do estímulo à atenção de diretrizes sobre o cuidado à biodiversidade local,,,Não iniciada,0,,,PDF p.180,Todos
BIO-05,Biodiversidade,,,"Inserir nos projetos de paisagismo a diretriz de utilizar, preferencialmente, espécies nativas da Mata Atlântica, sobretudo aquelas que ocorrem naturalmente nas regiões Sul e Extremo Sul da Bahia",,Curtíssimo,,,Percentual de projetos novos com cláusulas indicativas da inclusão da diretriz,,,Não iniciada,0,,,PDF p.180,Todos
BIO-06,Biodiversidade,,,"Nos projetos paisagísticos da UFSB, priorizar a adoção de espécies que estabeleçam relações ecológicas tais como plantas atrativas da avifauna e abelhas, plantas com conhecidos benefícios aos atributos do solo, árvores que servem de abrigo para animais, inseticidas naturais etc.",,Curto a Médio,,,Percentual de projetos novos com cláusulas indicativas da inclusão da diretriz,,,Não iniciada,0,,,PDF p.180,Todos
BIO-07,Biodiversidade,,,"Estimular o incremento na produção de mudas de espécies nativas nos viveiros da UFSB, tais como o Viveiro do Jardim Botânico FLORAS (CSC) e os viveiros dos demais Campi da UFSB, bem como incentivar as parcerias com viveiros locais",,Curto,,,Produção de mudas pelos viveiros da UFSB. Acordos de cooperação assinados com viveiros locais,,,Não iniciada,0,,,PDF p.180,Todos
BIO-08,Biodiversidade,,,"Utilizar os diversos espaços já existentes na UFSB, como Jardim Botânico, Centros de Formação, grupos de pesquisa, entre outros, como divulgadores de ações ambientais pela biodiversidade e em cada unidade",,Curto a Médio,,,Público alcançado,,,Não iniciada,0,,,PDF p.180,Todos
BIO-09,Biodiversidade,,,Planejar estratégias de sistematização e divulgação de resultados alcançados nas ações,,Curto,permanente,,Peças de divulgação. Público alcançado,,,Não iniciada,0,,,PDF p.181,Todos
BIO-10,Biodiversidade,,,"Promover atividades de campo, em parceria com os Cursos de Ciências, a fim de identificar e etiquetar espécies nativas e/ou exóticas de plantas nas áreas dos campi",,Curto a Médio,,,Número de plantas identificadas. Público alcançado,,,Não iniciada,0,,,PDF p.181,Todos
BIO-11,Biodiversidade,,,"Elaborar um banco de projetos para Bolsa de Apoio à Permanência com possíveis orientadores, relacionados às atividades previstas no PLS de Biodiversidade",,Curtíssimo a Curto,,,Projetos cadastrados. Bolsas BAPs concedidas aos projetos cadastrados,,,Não iniciada,0,,,PDF p.181,Todos
BIO-12,Biodiversidade,,,Realizar ações que visem a elaboração de planos de ação participativos sobre o tema da biodiversidade na UFSB,,Curto a Médio,,,Planos elaborados. Público alcançado.,,,Não iniciada,0,,,PDF p.181,Todos
BIO-13,Biodiversidade,,,"Elaboração de portfólio gráfico com temas diversos relacionados à biodiversidade (conhecimento disponível, conservação e preservação do patrimônio natural) a serem disponibilizadas no portal oficial da UFSB27",,Curto a Médio,,,Peças publicadas. Público alcançado,,,Não iniciada,0,,,PDF p.181,Todos
BIO-14,Biodiversidade,,,"Elaboração de portfólio gráfico com temas diversos sobre biodiversidade (conhecimento disponível, conservação e preservação do patrimônio natural) para publicação no",,Curto a Médio,,,Peças publicadas. Público alcançado,,,Não iniciada,0,,,PDF p.181,Todos
BIO-15,Biodiversidade,,,"Elaboração de portfólio gráfico com temas diversos relacionados à biodiversidade (conhecimento disponível, conservação e preservação do patrimônio natural) a serem disponibilizadas nas redes sociais oficiais da UFSB29",,Curto a Médio,,,Peças publicadas. Público alcançado,,,Não iniciada,0,,,PDF p.182,Todos
BIO-16,Biodiversidade,,,"Editoria UFSB: identificar e promover a maior inserção de docentes, técnicos e discentes que realizam estudos relacionados à biodiversidade na intenção de redigir e promover conteúdos de popularização da ciência; apoiar os veículos já existentes sobre o tema como boletins e revistas científicas.",,Médio,,,Publicações científicas e de popularização da ciência em relação à biodiversidade. Público alcançado,,,Não iniciada,0,,,PDF p.182,Todos
BIO-17,Biodiversidade,,,"Via comunicação interna por e-mail e demais sistemas institucionais, divulgar as ações realizadas no âmbito da biodiversidade, dentro da UFSB e nas cooperações técnicas e científicas",,Curto,permanente,,Peças publicadas. Público alcançado,,,Não iniciada,0,,,PDF p.182,Todos
BIO-18,Biodiversidade,,,"Semestralmente, elaborar o Boletim Informativo sobre a biodiversidade da UFSB, que pode ser inserido no Boletim Informativo do JBFLORAS, de modo a compilar dados e, digitalmente, distribuir informações sobre a biota local e regional, além de divulgar as ações realizadas no período",,Curto,permanente,,Peças publicadas. Público alcançado,,,Não iniciada,0,,,PDF p.182,Todos
BIO-19,Biodiversidade,,,"Produção de Vídeo Institucional, visando gerar conteúdo em mídia diferenciada, apresentando a temática em relação a UFSB e sua área de abrangência. Será um",,Curto,,,Vídeo institucional produzido. Número de veiculações. Público alcançado,,,Não iniciada,0,,,PDF p.182,Todos
BIO-20,Biodiversidade,,,Estimular e inserir as(os) servidoras(os) com expertise no tema a proporcionar as capacitações e o apoio técnico para as ações propostas neste Plano,,Curto,permanente,,Capacitações e documentos técnicos sobre Biodiversidade nos Campi executados pelas(os) servidoras(os) da UFSB,,,Não iniciada,0,,,PDF p.183,Todos
BIO-21,Biodiversidade,,,"Criação de manual técnico, didático, lúdico e digital da biodiversidade da UFSB, com legislação pertinente e boas práticas que envolvam a conservação e preservação dos recursos naturais, visando sensibilizar a comunidade interna e externa da UFSB",,Médio a Longo,,,Peças publicadas. Público alcançado,,,Não iniciada,0,,,PDF p.183,Todos
BIO-22,Biodiversidade,,,"Elaboração e realização de cursos de curta duração e oficinas, para a formação de crianças, jovens e adultos como multiplicadores. Estas ações são possibilidades de disseminação de conhecimento para a replicação das informações, sendo importantes mecanismos a serem realizados de forma contínua e permanente",,Curto a Médio,permanente,,Atividades realizadas. Público alcançado,,,Não iniciada,0,,,PDF p.183,Todos
BIO-23,Biodiversidade,,,"Elaboração e realização de cursos de curta duração e oficinas com os servidores docentes e técnicos administrativos e educacionais, visando a sensibilização para boas práticas de conservação e preservação da biota, tanto no âmbito daqueles servidores já em atividades quanto para novos servidores",,Curto a Médio,permanente,,Atividades realizadas. Público alcançado,,,Não iniciada,0,,,PDF p.183,Todos
